timestamp,quatw,quatx,quaty,quatz,freex,freey,freez,ang_vel_x,ang_vel_y,ang_vel_z
620412918,0.73766446,0.28921562,0.48103702,0.3752453,0.0,0.0,0.0,0.0,0.0,0.0
620479586,0.73807496,0.28846434,0.48047325,0.37573823,-4.722846,7.626935,3.4935691,-6.216809,-0.19174992,-1.2760466
620546254,0.73833936,0.2870442,0.48100728,0.3756231,-4.765958,7.6340985,3.4316404,-5.914869,0.34047195,-1.9162055
620612922,0.73874265,0.28449407,0.4813931,0.37627533,-4.7931075,7.631755,3.423665,-6.996963,2.106464,-1.6624583
620679590,0.73895717,0.28097105,0.48198837,0.37773624,-4.8428006,7.6084294,3.4919755,-7.937614,3.2776244,-1.3545204
620746258,0.73930514,0.27719435,0.48273584,0.37888998,-4.770282,7.6326466,3.6380563,-7.8678427,4.2243943,-1.9420311
620812926,0.7405546,0.27095985,0.48418525,0.37911007,-4.6123743,7.645381,3.919636,-9.152142,6.0891347,-6.692561
620879594,0.7432902,0.25777975,0.48947176,0.37614754,-4.2872357,7.318808,3.8691113,-12.946039,13.593029,-19.874203
620946262,0.7442239,0.24285197,0.50121534,0.36869666,-4.8949504,7.289496,3.0901823,-6.929585,22.795864,-29.10667
621012930,0.7482537,0.22010036,0.51477194,0.35592455,-5.2174473,7.0218906,3.099212,-13.535491,24.828224,-45.213963
621079598,0.746803,0.20174813,0.5283643,0.3498774,-6.027481,6.5618944,3.0760906,-11.874692,29.22463,-29.052107
621146266,0.7431026,0.17656523,0.5436168,0.34800038,-6.342738,6.125229,2.8737185,-22.555218,38.37238,-28.936056
621212934,0.7372603,0.15529133,0.5573898,0.34878168,-6.7812915,5.58917,2.6294894,-19.4127,35.951283,-20.198433
621279602,0.7316605,0.13768892,0.568307,0.3503453,-8.169312,5.2584105,1.9816141,-16.75459,29.248905,-14.65114
621346270,0.7288926,0.1197513,0.576819,0.34879085,-8.635701,5.586078,2.0957828,-16.402485,22.276407,-19.29091
621412938,0.7260599,0.1032534,0.5833707,0.34907645,-8.268605,5.349546,2.534672,-17.631842,19.11099,-14.82573
621479606,0.7210136,0.08906128,0.5888457,0.35421515,-8.162183,5.591175,2.4469724,-19.795467,19.496153,-4.8922935
621546274,0.71700007,0.07638279,0.5918959,0.3601888,-8.325611,5.4341054,2.4899297,-20.385096,14.684709,-2.6599677
621612942,0.7167017,0.066086926,0.5914877,0.36347437,-8.25462,5.5284333,2.0722365,-17.387207,4.7731805,-5.490365
621679610,0.7191656,0.05455195,0.588526,0.36532485,-7.7824187,5.5954165,2.220555,-19.43726,-0.6382761,-10.101945
621746278,0.72009766,0.046738524,0.58528095,0.3697582,-7.832809,5.5421004,2.4531767,-17.56485,-1.5277576,-2.4242148
621812946,0.72232467,0.036980756,0.57991344,0.37494,-7.8826504,5.2152863,2.4308767,-22.240788,-4.1426287,-4.3107944
621879614,0.725788,0.025852399,0.573176,0.37951636,-7.86294,4.863557,2.3191352,-24.367989,-6.2922654,-7.235291
621946282,0.7322488,0.012916642,0.56428283,0.3810907,-7.731893,4.2329917,2.5528183,-25.261677,-11.022545,-14.624808
622012950,0.73721004,-0.0013491639,0.55651,0.383166,-8.353316,4.256608,2.7500823,-26.62656,-7.324229,-14.288587
622079618,0.74325013,-0.021432284,0.5489509,0.38180235,-7.598843,3.855464,3.279628,-30.581871,-4.3779993,-24.925795
622146286,0.745455,-0.037050996,0.5445443,0.3826167,-8.002501,3.6219532,3.2096283,-24.952236,0.28914458,-15.341563
622212954,0.7454057,-0.05306857,0.54295456,0.3830857,-8.230879,3.846106,3.5422654,-23.428381,6.2652297,-14.548428
622279622,0.7429061,-0.071651846,0.5431744,0.38460147,-8.137233,3.706613,3.7648895,-26.752602,12.473665,-13.971344
622346290,0.7364119,-0.084858805,0.5461402,0.3901632,-8.379502,3.5673451,3.6324136,-22.3563,15.748957,-0.97030437
622412958,0.7296418,-0.09487334,0.5495871,0.39569703,-8.392305,3.5195851,3.6626654,-18.042727,14.541292,2.10258
622479626,0.723897,-0.1023396,0.5531773,0.399368,-8.507204,3.372883,4.0226617,-12.836235,12.440351,1.3649014
622546294,0.71842444,-0.11307968,0.55663186,0.4015479,-8.607096,2.9795933,3.853332,-15.494424,14.686387,-3.8797708
622612962,0.71404177,-0.11972927,0.5614746,0.4006939,-8.559007,2.6751337,3.2197464,-6.320558,13.218269,-4.192169
622679630,0.7136135,-0.12228157,0.5643652,0.39660442,-8.754257,2.899219,3.2814455,1.3329403,4.869711,-7.297695
622746298,0.7161482,-0.1267199,0.5632531,0.3921988,-9.058984,3.0600436,3.229911,-2.7778158,-1.5528419,-12.39352
622812966,0.71692455,-0.13251497,0.56181437,0.3909267,-8.718193,2.8264186,2.7164295,-8.103078,-0.028702462,-8.781296
622879634,0.71718544,-0.13762915,0.5609237,0.38995904,-8.927837,2.767297,2.7009609,-7.345453,0.5199329,-7.3076835
622946302,0.7171014,-0.14439625,0.5613064,0.38710532,-8.864926,2.4566178,2.4389117,-6.8206534,3.8712363,-10.709807
623012970,0.7128353,-0.15057936,0.5676265,0.38339537,-8.831861,2.3186176,2.3689659,-2.3784802,14.916658,-6.9392285
623079638,0.7076782,-0.15353343,0.5750391,0.38072228,-9.214648,2.6776023,2.7685797,1.0543615,14.65032,-1.6513609
623146306,0.70292526,-0.1541682,0.5823558,0.37814057,-9.631979,2.6697288,2.5040867,3.8126073,12.559337,0.4129143
623212974,0.70293796,-0.15194975,0.5823519,0.37901953,-9.285677,2.938415,2.7208996,0.27361277,-3.832551,2.3481953
623279642,0.7023728,-0.1479518,0.58147144,0.38298026,-9.117002,2.8158011,2.3178666,-1.4278555,-6.2808757,7.9262433
623346310,0.6980453,-0.14818764,0.5847754,0.3857601,-8.708696,2.609289,2.0381942,-3.6014588,5.5943584,5.753279
623412978,0.69197506,-0.14554149,0.589811,0.39001468,-9.381468,2.647654,2.294139,-0.9401021,7.0595927,12.037473
623479646,0.6895245,-0.13850129,0.59027356,0.39617014,-9.588067,3.203526,2.7888567,0.18189925,-5.4569364,15.175591
623546314,0.6875948,-0.1306174,0.5894462,0.4033681,-9.125131,3.0540226,2.2909858,-0.6540361,-8.307887,16.60101
623612982,0.6887302,-0.122997,0.58394706,0.4117384,-9.121682,3.472391,2.3800604,-4.743122,-17.047392,14.559742
623679650,0.69031394,-0.11452724,0.5787974,0.41874117,-8.590827,3.3727512,2.468121,-2.0768218,-17.40902,13.523972
623746318,0.6935764,-0.10198067,0.5725864,0.42508426,-8.648905,3.3540359,2.5946283,2.9491427,-23.178726,15.4236
623812986,0.6952862,-0.09375942,0.56804925,0.43024,-8.366657,3.6849995,2.940407,-0.12131724,-16.295954,11.187725
623946322,0.6975467,-0.086495474,0.56284624,0.43491545,-8.217195,3.8847797,3.0306852,-5.053015,-4.4815683,2.2012303
624012990,0.6967762,-0.08905446,0.56331575,0.43502593,-8.064991,3.906997,3.087057,-4.773217,0.9217211,-2.690552
624079658,0.6946664,-0.08986869,0.56568736,0.43515545,-8.073521,3.870139,3.1427839,-1.4834373,3.190552,0.27279624
624212994,0.6862354,-0.09883601,0.57884294,0.4292474,-8.527059,3.837259,2.981168,1.0887368,14.328367,-7.468139
624279662,0.68033385,-0.10810302,0.5882888,0.42352796,-8.389521,3.6052058,2.7244644,-1.0025264,22.55578,-11.065097
624346330,0.675324,-0.11290163,0.5967724,0.4183942,-8.777119,3.8344915,2.7145014,3.1397514,17.19136,-6.7070327
624479666,0.6717054,-0.11478319,0.60249615,0.41549397,-8.556185,3.6222003,2.4066873,0.14707936,-0.32643712,-0.91908306
624546334,0.6721159,-0.11392444,0.6021508,0.41556698,-8.549829,3.6395252,2.2955487,-0.8796815,-3.6175435,-0.48848578
624679670,0.6743087,-0.11273709,0.59788835,0.41848284,-8.184018,3.5649402,2.4797792,-5.6173644,-5.7427106,-0.38260707
624746338,0.67589426,-0.114900075,0.5935962,0.42143646,-8.126716,3.7138474,2.6148658,-9.940658,-7.6577897,-1.9282854
624879674,0.6882966,-0.10822703,0.5768893,0.4263022,-8.279455,3.5266209,2.899717,-2.6964285,-26.929874,-2.523622
624946342,0.6951693,-0.099843,0.57040066,0.42592746,-8.16557,3.4703906,3.11561,5.178766,-22.440903,0.435264
625013010,0.70067996,-0.09881577,0.5694936,0.41828248,-8.399528,3.3237908,3.00043,7.2023125,-7.7188635,-13.43431
625146346,0.69831544,-0.12001627,0.57641155,0.40706462,-9.020773,3.310706,3.1084185,-14.172125,14.587052,-16.783308
625213014,0.6953258,-0.13218814,0.57824683,0.40580684,-8.972756,3.0600529,2.83687,-14.262962,12.06301,-12.208312
625346350,0.69030046,-0.15833345,0.58074963,0.40142983,-8.94115,2.4861817,2.4973662,-14.412611,17.323511,-13.72464
625413018,0.68789977,-0.16995831,0.5807645,0.40077528,-9.373445,2.5500772,2.4580264,-15.271407,8.7191305,-11.788603
625479686,0.68701077,-0.17974025,0.57890356,0.40072492,-9.3069,2.2445307,2.4693058,-14.528576,3.542802,-10.812131
625613022,0.683782,-0.19801566,0.5729766,0.4061155,-9.20128,1.9825395,2.5127854,-18.25939,0.78057456,-6.2295685
625679690,0.6824546,-0.20467134,0.5683134,0.4115646,-9.200069,2.024846,2.569811,-18.331142,-3.2686322,-1.8021129
625746358,0.6772367,-0.21293266,0.5679585,0.4164535,-9.121309,1.7866751,2.307669,-17.98127,6.926861,0.240782
625879694,0.67289096,-0.22614637,0.56246185,0.423925,-9.360921,1.674575,2.587813,-14.792795,3.1994135,-3.056017
625946362,0.6696583,-0.23274273,0.56216437,0.4258637,-9.253412,1.5763637,2.5885527,-12.375837,4.976694,-2.7974837
626079698,0.66193515,-0.24013087,0.5655869,0.42929086,-9.347096,1.7532182,2.5886502,-6.6484394,7.188451,1.4979749
626146366,0.6542498,-0.2456535,0.5718162,0.42969525,-9.572716,1.824937,2.3561814,-6.6332836,16.675955,2.448797
626213034,0.6488914,-0.24805816,0.57831115,0.4277424,-9.535163,1.6676642,2.1949692,0.37863475,13.388115,1.268096
626346370,0.64237165,-0.2403026,0.59949726,0.4125729,-9.947651,1.6496105,1.9796232,22.330572,14.795807,3.448256
626413038,0.64487094,-0.23033835,0.60243493,0.41007054,-9.919144,1.9547392,1.9246933,15.334929,-7.0880675,6.1497736
626479706,0.64453197,-0.2131925,0.60490805,0.41618982,-9.52457,1.9351317,1.7743267,12.908528,-13.126822,24.988756
626613042,0.6426935,-0.18023296,0.59944934,0.44172603,-9.032178,2.6500752,1.9838346,3.0083475,-20.641827,27.81669
626679710,0.64470506,-0.1636949,0.5939963,0.4524687,-8.705396,3.2067537,2.166208,2.298047,-25.692587,24.960613
626746378,0.6453144,-0.15146562,0.58944446,0.46171725,-8.571142,3.1904206,2.2716048,-0.6516706,-19.489042,20.240091
626879714,0.64479065,-0.13869232,0.5822017,0.4754482,-8.594983,3.6600404,2.8375509,-4.7499666,-10.736091,10.418067
626946382,0.6415982,-0.137454,0.58247685,0.4797698,-8.426944,3.5739393,2.7384257,-4.88347,-0.2247974,7.9833317
627013050,0.6356892,-0.1367834,0.5877027,0.48145106,-8.393291,3.545297,2.7173367,0.57722366,9.055301,7.9239373
627146386,0.62348324,-0.14394318,0.60393834,0.475192,-8.535878,3.710788,2.5400531,3.826156,22.353384,-3.1336243
627213054,0.6174916,-0.1486915,0.61329114,0.4695413,-8.711068,4.0169706,2.4425573,5.5557284,19.89338,-4.4491467
627279722,0.6115006,-0.15392585,0.6208588,0.46573392,-8.607839,3.6323547,2.1544232,1.6588364,17.945482,-3.4579751
627413058,0.5989974,-0.16860613,0.63313746,0.46033826,-8.699197,3.6808789,1.703625,-5.4141526,15.388088,-5.051115
627479726,0.5947471,-0.17565615,0.6355106,0.45994276,-8.7597,3.6427524,1.5394413,-7.5544333,11.226394,-4.6865406
627546394,0.59155035,-0.18139082,0.6363952,0.4606157,-8.8296,3.701658,1.4834751,-8.236781,7.2104397,-3.4384117
627679730,0.5854437,-0.19159192,0.63613683,0.46462724,-8.601957,3.5326133,1.4038057,-9.535495,3.6038191,-1.7323892
627746398,0.5840284,-0.19843887,0.6334933,0.46713945,-8.517094,3.5029137,1.2670605,-13.585229,2.049228,-5.3632236
627879734,0.5891791,-0.21025081,0.6171444,0.4772793,-8.752334,3.3524742,1.6650481,-16.350998,-18.012745,-4.2015967
627946402,0.595507,-0.21057616,0.6048025,0.48501876,-8.774799,3.307666,1.9995414,-17.757607,-23.171272,-2.8367023
628013070,0.60124046,-0.20305714,0.5952135,0.49294922,-8.863606,3.1518993,2.4640458,-7.853599,-26.310225,7.011437
628146406,0.6118657,-0.20806758,0.5905339,0.48331982,-9.237288,2.0961578,1.6490606,-8.205054,9.454595,-28.50977
628213074,0.61785096,-0.20811254,0.58834445,0.47833076,-9.368792,3.480202,2.5895567,3.9278655,-7.9839134,-11.617765
628279742,0.6263527,-0.21375619,0.5836488,0.4704727,-9.291221,2.5138853,2.4097059,-0.28966063,-7.540329,-23.28616
628413078,0.6429517,-0.2154481,0.55552924,0.48123038,-9.069733,2.3169258,2.690379,-22.761463,-23.879475,-7.7849693
628479746,0.6468436,-0.21728247,0.54666567,0.48532316,-8.688145,2.3397982,2.6997616,-13.24717,-14.934834,-4.2791986
628546414,0.6497984,-0.22589639,0.5356279,0.48973048,-9.012758,1.9809275,2.8479714,-23.250965,-10.944801,-10.299087
628679750,0.6486393,-0.24268709,0.5182961,0.5017361,-8.899512,1.825466,3.386736,-23.571342,1.5167346,-2.2583466
628746418,0.6421544,-0.2512692,0.51679826,0.5073669,-8.865284,1.8367474,3.4344692,-20.023739,7.720834,3.1293228
628813086,0.6318806,-0.26280567,0.51897496,0.51217693,-9.087026,1.8225905,3.3601897,-20.9894,18.076998,4.499863
628946422,0.6199559,-0.27605152,0.5188766,0.5198245,-9.196243,1.6075875,3.3087351,-13.193981,6.409733,3.060296
629013090,0.6165041,-0.27976745,0.5192683,0.521549,-9.279038,1.5776227,3.2646317,-8.25604,4.5919013,1.3831776
629079758,0.61405087,-0.2815575,0.52258825,0.5201622,-9.247933,1.4840889,3.0209918,-0.34779248,6.58283,0.34409624
629213094,0.6159341,-0.2690969,0.5402792,0.50627106,-9.3890085,2.0083098,3.3679514,25.762774,-3.8533888,3.553745
629279762,0.61470336,-0.26038182,0.5529233,0.4986151,-9.284199,1.9350656,2.8464057,25.25361,9.154043,6.5370927
629346430,0.6120062,-0.25124466,0.5624517,0.49595633,-9.349228,2.3918042,2.62496,17.613338,4.675924,12.080347
629479766,0.60830164,-0.20679405,0.5622929,0.5206077,-9.093647,2.806782,2.6344135,5.309816,-31.849272,37.402157
629546434,0.61129326,-0.1866603,0.55546176,0.5319218,-8.563387,3.3772824,3.0108151,3.5702157,-33.374332,25.826899
629679770,0.6145989,-0.1705326,0.5415106,0.54767996,-8.103669,3.6638737,3.3917727,-8.0005865,-12.9425,8.975707
629746438,0.61540514,-0.16317298,0.5382269,0.5522347,-7.9691067,3.8418798,3.741229,-0.79706377,-13.776315,9.574509
629813106,0.61131984,-0.16203208,0.53746897,0.55781794,-8.153064,3.561725,3.4938238,-7.2955685,-0.9649575,10.256948
629946442,0.60781634,-0.15805082,0.5336605,0.5663796,-8.047374,3.6966882,3.7420263,-7.213331,-4.6173635,7.502922
630013110,0.6055202,-0.16055849,0.534058,0.56775755,-8.027381,4.0253935,3.807045,-5.5955405,3.2993224,1.1220071
630079778,0.6021067,-0.16170225,0.53690726,0.5683754,-7.97103,3.7399328,3.7618446,-1.3975189,5.757588,3.3533654
630213114,0.5983792,-0.17058459,0.5405998,0.5662114,-7.8894744,3.8003652,3.6311944,-4.724198,9.037416,-3.8400767
630279782,0.59602123,-0.17491679,0.5438688,0.56424254,-7.9141173,3.9606621,3.634694,-1.6286628,9.074329,-3.1574864
630346450,0.5916825,-0.1782979,0.5487681,0.5630057,-7.9707236,3.7882116,3.4568186,-0.35435748,11.460994,0.88145953
630479786,0.5906138,-0.18080498,0.5457225,0.5662788,-7.8566966,3.9646003,3.5607023,-6.7832656,-5.6145015,-0.054270342
630546454,0.589637,-0.1848222,0.5411794,0.5703454,-7.7300825,3.8179574,3.242858,-14.10808,-2.2987823,-0.4922017
630613122,0.5895666,-0.19381756,0.5348001,0.5734413,-7.7065773,3.742263,3.6037102,-19.764343,0.18184035,-7.581655
630746458,0.595313,-0.18844227,0.5249595,0.578368,-7.7847023,3.7421675,3.8382428,3.245454,-10.609967,0.63340485
630813126,0.5974052,-0.18150733,0.53098416,0.57290334,-8.223149,3.8591347,3.906485,17.223068,-2.0888536,0.09237216
630879794,0.5978595,-0.19307515,0.5342462,0.5655679,-8.164757,3.1263657,3.3133907,-3.3097594,15.372302,-17.95791
631013130,0.6032373,-0.21578315,0.5279963,0.55746084,-8.570122,3.236644,3.7817326,-11.539002,1.4559131,-20.069012
631079798,0.6082416,-0.22312717,0.51707506,0.5593657,-8.765646,3.232045,3.7487538,-19.463085,-10.785426,-13.939425
631146466,0.6143522,-0.22854249,0.49812636,0.5676355,-8.613138,2.9748762,3.8077025,-30.395018,-24.464584,-9.720431
631279802,0.6166757,-0.24690875,0.46872398,0.58227575,-8.491229,2.3522785,4.2825794,-26.698315,-10.629668,-4.356288
631346470,0.6099236,-0.2611203,0.46462595,0.5864571,-8.255184,2.0526445,3.7255523,-26.89762,12.245615,-2.3890278
631479806,0.58524996,-0.29455587,0.47147742,0.5902783,-8.785996,1.9077551,3.61352,-26.051886,39.74268,4.5392475
631546474,0.5729614,-0.30584422,0.47714272,0.59203845,-9.260272,2.1106517,4.267569,-14.770065,24.878199,7.596318
631613142,0.55951256,-0.3178634,0.48072267,0.5956631,-9.15765,2.2063398,3.9481943,-19.751944,23.556269,8.903874
631746478,0.5471353,-0.3276151,0.48530132,0.59815884,-9.162936,2.0465858,3.3180175,-7.7332034,13.029973,1.7707939
631813146,0.5450856,-0.330038,0.48935798,0.59538686,-9.223655,2.1908422,3.4159071,1.532153,8.275069,-0.61757594
631879814,0.54943365,-0.32186556,0.49227133,0.5934596,-9.049575,2.0766838,3.146195,13.20534,-9.496884,1.8955973
632013150,0.5562695,-0.29022858,0.512578,0.58617014,-9.173217,2.6990676,3.4133024,28.976252,-8.472855,13.606737
632146486,0.54655194,-0.24818438,0.52434254,0.60394585,-8.642703,3.4481468,2.796983,14.806523,-30.717062,35.071
632213154,0.54956925,-0.21872684,0.5191056,0.616978,-8.231826,3.470312,3.2728684,10.308314,-45.069027,33.008934
632346490,0.554571,-0.19161934,0.50552714,0.6325944,-7.6615853,4.07978,4.0487328,-2.666765,-19.934729,6.336682
632413158,0.55722225,-0.18489383,0.5008951,0.6359418,-7.4888563,4.1922297,4.044338,-2.1111488,-16.427944,4.191608
632479826,0.5580526,-0.18279013,0.50316274,0.6340287,-7.45076,4.4089866,4.312735,4.9579296,-1.532074,-0.65460396
632613162,0.5496789,-0.19457035,0.5184244,0.6254853,-7.7379274,4.229582,3.9862852,3.412665,23.96522,-4.654899
632679830,0.54569894,-0.20748702,0.52665424,0.61789757,-7.8298106,4.1930413,3.7792883,0.627421,26.449135,-12.11329
632746498,0.53888965,-0.22349145,0.5352476,0.6108678,-7.9602127,4.2358575,3.4524798,-3.3985567,32.434555,-11.261677
632879834,0.52584976,-0.24728563,0.5454066,0.60403943,-8.303309,4.1820164,3.0121665,-8.249307,19.855742,-6.3060317
632946502,0.5217856,-0.2546158,0.5455364,0.60440123,-8.197111,4.0194154,2.8526309,-9.997169,10.081527,-2.7747657
633013170,0.5200761,-0.2573595,0.54283786,0.60713613,-8.208462,3.9965532,2.7701457,-10.008144,-0.46991563,-0.04306159
633146506,0.516759,-0.26628202,0.5364963,0.61174005,-8.057493,3.72153,2.6304343,-13.724085,2.5170567,-4.9052954
633213174,0.51674163,-0.27385744,0.53217494,0.6121847,-8.224275,3.5745444,2.8371983,-13.111373,2.6219804,-9.085109
633279842,0.52099067,-0.27324283,0.5284133,0.61211646,-8.093303,3.7621455,3.1249845,-2.7670498,-9.156494,-6.284259
633413178,0.522572,-0.2597275,0.5267098,0.6180915,-8.396263,3.66278,3.1258664,2.6138177,-13.252104,5.0858335
633479846,0.5148091,-0.27645135,0.53276336,0.61213523,-8.674457,3.1465647,2.526029,-8.056943,31.58443,-10.12334
633546514,0.51776236,-0.2846557,0.5330294,0.605618,-8.791829,3.7401865,2.7501745,-1.0266857,7.950575,-16.814066
633679850,0.52206373,-0.30869707,0.51779956,0.6033567,-9.095125,3.1886883,2.4342859,-27.698061,-6.671438,-16.577173
633746518,0.5297654,-0.30354035,0.4977294,0.61601734,-8.907922,3.2593305,3.078035,-24.778673,-38.264256,-3.2509484
633879854,0.5257392,-0.31765038,0.47069818,0.6333561,-8.6687355,2.544655,3.0801148,-30.4263,-6.3136773,-6.484738
633946522,0.51977324,-0.3259601,0.4648957,0.6383243,-8.665718,2.4294817,3.2503386,-22.512835,4.5690937,0.5355278
634013190,0.5103544,-0.3379344,0.46276945,0.6412359,-8.870498,2.4955206,3.31933,-22.04465,15.777688,1.627023
634146526,0.4952026,-0.3498525,0.4646845,0.64532644,-9.031737,2.6694283,3.4986756,-11.253402,10.860388,4.290621
634213194,0.4919749,-0.35062116,0.46364954,0.6481163,-9.0183525,2.6719022,3.6774282,-7.3710866,-0.48370743,4.1574016
634279862,0.48899275,-0.35184503,0.46319845,0.6500296,-8.982132,2.5364451,3.476874,-6.25623,0.85788864,3.1294181
634413198,0.48420542,-0.35259545,0.47592184,0.6439877,-9.060262,2.6736736,3.2679062,12.22732,7.9044876,3.6153793
634479866,0.48479763,-0.34439155,0.4859141,0.6405103,-9.057254,2.8751118,3.2738662,19.69349,-0.4852677,8.658508
634546534,0.48241723,-0.33405188,0.49550062,0.6404393,-8.998572,3.128885,3.1786375,16.428764,-2.702632,16.297237
634679870,0.48102346,-0.28100815,0.49599138,0.66606575,-8.555064,3.7085278,3.4971,6.8935685,-60.689934,35.99993
634746538,0.48182556,-0.25678194,0.4918763,0.6782071,-8.121709,3.8644533,3.3217316,3.9659147,-39.04196,27.214392
634813206,0.48397833,-0.23848404,0.4888495,0.6855047,-7.6061845,4.4861803,3.8035429,5.020096,-30.239918,17.07949
634946542,0.4904263,-0.22072898,0.47899187,0.6937778,-7.346795,4.4550705,4.212791,-1.741841,-14.5580015,5.0979843
635013210,0.49298128,-0.21479037,0.47796312,0.6945402,-7.2275205,4.510077,4.3332872,2.7311416,-11.71142,1.4915789
635079878,0.49153373,-0.21593703,0.48058578,0.6933998,-7.297699,4.28788,4.1199565,1.1695232,3.8284533,0.18214968
635213214,0.48971045,-0.22587354,0.49224392,0.6832721,-7.4171505,4.3531675,4.0543804,4.254661,15.532895,-7.6856766
635279882,0.48577282,-0.23852654,0.50051725,0.67573124,-7.61942,4.4723926,3.9277182,2.5280929,26.703485,-9.827564
635346550,0.48104405,-0.25216675,0.5073442,0.6690371,-7.9020123,4.5992265,3.6973214,-1.0288267,26.973293,-9.6453705
635479886,0.47402242,-0.2622574,0.5140419,0.66504514,-7.9283104,4.428777,3.3412645,0.46587756,1.5261958,2.633523
635546554,0.4745465,-0.2593879,0.510966,0.6681597,-7.8135386,4.230579,3.268945,-5.077071,-9.04133,2.458334
635679890,0.47945496,-0.25460455,0.4942492,0.6789826,-7.2858887,4.2449303,3.4586494,-14.552495,-17.7389,3.1032758
635746558,0.48974267,-0.24241403,0.48469394,0.6829785,-7.626786,4.6434155,4.2694025,-1.381249,-33.982582,-3.2026174
635813226,0.50125265,-0.21990828,0.48104674,0.6848215,-7.518115,4.3610225,4.387465,16.53982,-41.2379,4.602235
635946562,0.5029088,-0.22754546,0.49598354,0.670303,-7.3751607,3.7821681,3.633506,4.613223,24.850992,-11.623674
636013230,0.5080504,-0.23426051,0.49736267,0.6630514,-8.170176,4.4100056,3.9538043,2.5760813,5.978107,-18.03697
636079898,0.5128082,-0.24313723,0.4954016,0.65763915,-8.161258,4.3052797,4.169712,-4.8602304,5.1188493,-19.182549
636213234,0.522895,-0.25755733,0.47835413,0.6568278,-8.191777,3.9813282,3.9246955,-14.541502,-11.881786,-15.5424385
636279902,0.5269571,-0.2626765,0.46441507,0.6615407,-7.9236135,3.5606663,3.9393685,-23.806984,-13.580134,-11.411271
636346570,0.53105634,-0.27370194,0.4476679,0.665327,-8.35525,3.1502695,4.0040746,-31.61307,-9.016933,-18.26353
636479906,0.5349734,-0.287886,0.414242,0.67773813,-8.197403,2.9208946,4.5586643,-30.575611,-10.196077,-7.1972685
636546574,0.53036964,-0.29747277,0.40529805,0.6826064,-7.9684343,2.3541925,4.3487377,-26.420368,2.4080338,-2.069608
636613242,0.526574,-0.30175063,0.39843974,0.68768626,-8.453161,2.7082765,5.0901213,-18.874258,-2.594649,1.9467416
636746578,0.52044815,-0.31190735,0.38531202,0.6952571,-8.252554,2.5565088,5.2528143,-15.990064,-6.235384,-0.8067526
636813246,0.5175732,-0.31523395,0.37921047,0.6992461,-8.099259,2.1199644,4.832208,-15.918468,-3.113939,0.87107044
636946582,0.50883204,-0.33030576,0.36861745,0.7043504,-8.218039,2.13799,5.0880175,-19.63046,3.5191436,-0.81390345
637013250,0.5043829,-0.3368696,0.36172783,0.7080042,-8.267761,2.21574,5.016595,-20.41982,1.2682829,-0.1424708
637146586,0.49548706,-0.34969673,0.34489033,0.71641856,-8.814868,2.2809246,5.442126,-22.319784,-2.2465217,-0.9291528
637213254,0.49456266,-0.34969857,0.33141834,0.72338134,-8.462766,1.8431219,5.6586437,-22.830854,-16.49821,-1.6861248
637279922,0.49475285,-0.33995706,0.32856724,0.7291725,-8.479454,1.532125,5.056003,-0.021166222,-19.515085,7.885228
637413258,0.49690917,-0.29017004,0.31865808,0.7532197,-8.114676,2.3210154,6.6762614,2.3476765,-46.733105,21.51135
637479926,0.49393117,-0.26468942,0.31041175,0.7678648,-7.0094185,2.201508,6.5005608,-0.046369705,-47.09066,25.61025
637546594,0.4884889,-0.24070373,0.30503863,0.7812759,-6.7104034,2.005046,6.051962,2.0076544,-40.794323,28.344986
637679930,0.47561038,-0.2063385,0.32571617,0.7906506,-4.375681,2.7103636,6.60188,21.62784,4.236693,24.632528
637746598,0.4637481,-0.20952794,0.33959672,0.7910184,-4.6362553,3.3259232,6.8134103,10.198706,20.89319,18.980581
637879934,0.44287336,-0.23077348,0.35915077,0.7884275,-6.4768972,4.3200235,6.936209,-0.023074938,28.896418,2.8385422
637946602,0.4352754,-0.2357443,0.36499476,0.7885043,-6.35626,4.264772,6.4404864,-0.6828172,14.627429,9.053494
638079938,0.43218648,-0.24354586,0.3717421,0.78467077,-6.6022925,3.9121494,5.584799,-3.6245081,5.8230963,-6.972154
638146606,0.42882124,-0.24476798,0.3745651,0.78479445,-6.8334475,3.0796192,4.681364,-0.42449945,4.6398716,4.529936
638213274,0.42661503,-0.24987227,0.37768465,0.78289086,-7.6069417,3.6057506,5.905939,-1.0808527,10.184343,-0.90619224
638346610,0.4211224,-0.2556293,0.38267288,0.7815826,-7.3877997,3.5717452,4.730847,4.824704,-0.33416674,5.75902
638413278,0.42053366,-0.25563744,0.3883054,0.7791149,-6.983747,3.9245586,4.555098,7.072113,4.3061976,1.005528
638479946,0.41755328,-0.26937455,0.39851832,0.7708892,-6.2622576,4.231653,4.809015,6.028042,30.140587,-7.097327
638613282,0.41150922,-0.31844702,0.40109736,0.75390524,-7.9099374,4.9628415,5.4374704,-22.697615,36.054897,-22.544884
638746618,0.38954064,-0.35645202,0.36211526,0.76816213,-6.681909,3.9473524,5.115578,-47.690212,1.646806,-10.441833
638879954,0.38378057,-0.3769197,0.3476743,0.76796293,-8.89523,2.989561,5.140065,-3.9998698,5.7310705,0.7048267
638946622,0.38241088,-0.38849843,0.33787367,0.76725006,-7.3022237,2.5895398,5.23564,-23.55637,9.036646,-12.265852
639013290,0.37633297,-0.40514097,0.3306214,0.7648035,-8.77717,2.553979,4.5036597,-25.737787,21.292006,-8.424203
639146626,0.3600318,-0.4355473,0.32559088,0.7580676,-8.740182,2.086291,4.3861732,-21.154953,27.387354,3.2418554
639279962,0.34696692,-0.45364583,0.32301295,0.7546406,-8.815117,2.1254923,4.134715,-10.992825,12.264707,2.242244
639346630,0.3410529,-0.45852408,0.32313988,0.7543339,-9.061312,2.2744713,3.7994962,-10.063078,8.904678,4.5411716
639479966,0.33479935,-0.45777196,0.32401806,0.75720996,-9.175125,2.5920486,4.131295,-2.0786977,-7.6343303,6.669531
639546634,0.33706683,-0.45149076,0.3281608,0.7581907,-8.91168,2.432757,3.977475,7.1267858,-8.769055,4.0986137
639613302,0.35253787,-0.42640468,0.33239532,0.76381266,-9.09257,2.8154974,4.916189,25.69962,-44.247364,0.32903892
639746638,0.3889606,-0.3531339,0.3441464,0.77818376,-8.124124,3.1719751,4.69456,46.588024,-70.816574,12.124635
639813306,0.40735796,-0.3060727,0.34579876,0.7879103,-7.2788076,3.5478399,5.338513,35.71456,-79.36989,10.936766
639879974,0.41621834,-0.2746214,0.3482224,0.79378027,-6.963848,3.3979921,5.2932,23.063358,-49.880955,12.446826
640013310,0.42050624,-0.24331793,0.36023548,0.7963677,-6.3252573,3.7858288,5.478415,12.488004,-8.19866,9.48411
640079978,0.41857117,-0.23262854,0.36302975,0.7993073,-6.1891418,4.4510713,5.990199,5.4261684,-13.050495,13.132992
640146646,0.41160652,-0.22708638,0.36881888,0.8018633,-6.1249213,4.343847,5.740381,4.0085444,-0.4495081,17.821577
640279982,0.4022632,-0.21308148,0.37281838,0.8085713,-5.8898897,4.4739637,5.7398095,-1.885278,-13.750987,10.8429785
640346650,0.40192583,-0.20549461,0.37143594,0.8113343,-5.669022,4.945666,6.069302,-2.2170234,-12.421579,7.5290065
640479986,0.40192837,-0.20195968,0.3733237,0.81135434,-5.879601,4.915353,6.181543,1.1027343,-0.8855048,-1.365458
640546654,0.40389192,-0.1992301,0.3783235,0.8087338,-5.664472,5.085327,6.523813,7.3302255,-0.6382577,-0.071120284
640679990,0.40292,-0.19112024,0.38074172,0.81003976,-5.2656646,5.458764,6.0171165,-1.8947854,-5.9372916,4.2882886
640746658,0.40066177,-0.19323502,0.37803605,0.81192344,-5.1428246,5.1017623,5.8320584,-11.423045,2.2709768,3.4260294
640813326,0.39911342,-0.20391855,0.3728728,0.8124606,-5.3970323,4.9081573,5.962837,-19.77803,12.565602,-4.7909293
640946662,0.4078425,-0.232899,0.3663069,0.8032698,-5.8007812,4.669732,5.9480715,-10.275339,23.680246,-23.936975
641013330,0.41243005,-0.25133446,0.36674038,0.79513174,-5.870104,4.4017944,5.713967,-10.291803,26.45933,-22.025528
641079998,0.41837168,-0.26207355,0.3615027,0.7909482,-6.585365,4.092206,5.631387,-14.676975,9.298475,-18.647022
641213334,0.41487977,-0.27953538,0.3377711,0.7972742,-7.144393,3.890162,6.024016,-33.05395,-0.38050354,-3.246967
641280002,0.4116833,-0.29020143,0.32813796,0.7991407,-6.770365,3.777195,6.3138,-28.895866,8.826636,-3.4174056
641346670,0.40432474,-0.31264222,0.32112524,0.79728,-6.680978,3.1114354,5.5935273,-33.788628,31.016336,-5.6415043
641480006,0.38518134,-0.35862586,0.3149118,0.7898443,-7.759023,3.0971634,5.764597,-25.576202,35.527287,-1.8282082
641546674,0.3746635,-0.38193572,0.31437826,0.7841678,-7.8617587,2.9355142,5.1273823,-25.818157,40.414223,-0.9462655
641680010,0.36029994,-0.41253614,0.3132834,0.77579105,-8.373944,2.7910604,5.1021314,-19.026466,20.085966,-0.47476783
641746678,0.35488817,-0.42118496,0.314,0.77334476,-8.191808,2.6394162,4.475042,-13.7557,16.551361,2.8202264
641880014,0.3487024,-0.42718774,0.3140247,0.7728559,-8.263055,2.5538306,4.4577937,-11.202254,7.82488,3.1077976
641946682,0.34609553,-0.42988428,0.3169807,0.7713243,-8.393455,2.572833,4.4612107,-6.0306687,7.9274764,4.5512676
642013350,0.34455118,-0.43214476,0.32000336,0.7695022,-8.347782,2.494315,4.234853,-4.878237,7.0802236,3.2546098
642146686,0.3552305,-0.41399828,0.3364017,0.767627,-8.621927,2.697639,4.7205696,20.080824,-19.322588,4.2903566
642213354,0.36897182,-0.39333668,0.34630358,0.7676068,-8.111499,3.0104666,4.5817685,27.87484,-28.778728,2.3435044
642280022,0.38555202,-0.3620886,0.3585774,0.7691971,-8.084833,3.4031396,5.0404124,38.64918,-43.86721,7.7375593
642413358,0.41504237,-0.2942726,0.38599613,0.76951337,-7.374992,4.1940856,5.2099957,43.438705,-44.22868,15.356132
642480026,0.4241146,-0.26885444,0.39820662,0.767643,-7.1023946,4.0841203,5.0214953,32.545094,-28.712551,12.049365
642546694,0.43011615,-0.24990775,0.4077262,0.7657062,-6.8922205,4.4412885,5.004256,22.974895,-19.813616,10.456231
642680030,0.44305748,-0.2160521,0.40587693,0.76960117,-6.5424294,4.8244834,5.162746,5.247176,-32.51658,5.660149
642746698,0.44517085,-0.20488606,0.40405113,0.772391,-6.1025066,4.6592116,5.165609,-2.4786,-16.860928,9.319137
642880034,0.44305807,-0.19715369,0.40978414,0.77259797,-6.340777,4.9236827,5.315628,-3.38914,4.1703615,7.555231
642946702,0.44364405,-0.19584535,0.4146214,0.7700093,-6.1641126,5.368741,5.6503305,1.9562355,4.4618025,2.7990744
643013370,0.4439437,-0.19524358,0.42025933,0.7669268,-6.053581,5.3245854,5.4870443,2.6236854,6.4661465,2.5659573
643146706,0.44348606,-0.19115572,0.42512113,0.76554036,-5.8541594,5.3556376,5.212924,-6.642047,0.22589685,4.4608054
643213374,0.44430858,-0.19212916,0.42334005,0.76580673,-5.654878,5.425398,5.2475533,-10.93941,1.6517953,0.9436312
643280042,0.4464743,-0.19894123,0.4198246,0.7647424,-5.918952,5.127295,5.2583456,-16.402908,7.4694796,-6.595526
643413378,0.46716392,-0.22025633,0.4164371,0.7482151,-6.151497,4.8256583,5.1560583,-5.374676,12.443047,-28.363266
643480046,0.4784311,-0.2286046,0.4081621,0.74313366,-6.59009,4.7261147,5.0886374,-18.188467,-0.04320767,-24.393574
643613382,0.48279035,-0.2385094,0.38537994,0.74933946,-6.648555,4.473703,5.8153534,-28.736723,-11.086542,-2.8818178
643680050,0.48070404,-0.24529083,0.37312984,0.7546727,-6.794452,3.8643806,5.6450667,-34.68653,-0.6743257,1.2190887
643746718,0.4761285,-0.25569552,0.36645874,0.7573835,-6.9456472,3.6403084,5.791991,-29.822973,11.210127,2.337756
643880054,0.46652287,-0.28305846,0.35455486,0.75929296,-7.1019893,3.2321694,5.562451,-30.232166,21.80168,0.08282995
643946722,0.461418,-0.2976946,0.3498487,0.7589979,-7.3607903,3.3924966,5.811163,-29.335758,19.654154,-1.3110207
644080058,0.45307928,-0.32243237,0.34952918,0.7540467,-7.6119065,3.181481,5.56278,-20.528189,21.01346,-0.316582
644146726,0.44848827,-0.33455887,0.3489509,0.7517729,-7.711098,2.9293506,5.317626,-20.925241,20.153786,-0.26104748
644213394,0.44265383,-0.34660652,0.3532852,0.7477377,-7.8789873,2.7279034,4.998089,-14.292235,25.564234,2.7090833
644346730,0.43831524,-0.35893807,0.36183274,0.7403518,-8.062285,2.9252071,5.2920375,-7.2912016,11.042249,1.2028884
644413398,0.43811744,-0.36107177,0.36879903,0.735981,-8.166125,2.7993658,4.7203517,-0.072798274,11.661656,2.5782318
644480066,0.44260508,-0.35500666,0.37715667,0.7320003,-8.239232,2.9088418,4.9599023,10.526806,-0.8231209,2.9318814
644613402,0.46434584,-0.31658617,0.3991181,0.7244731,-8.133398,3.457322,5.084003,33.595184,-28.112665,6.1218305
644680070,0.48088273,-0.2865462,0.4099337,0.7201376,-7.8727436,3.3438761,5.0090675,39.706947,-36.38329,5.2533426
644746738,0.4949095,-0.2521486,0.42364725,0.7155481,-7.2675714,4.517701,5.1495166,45.99084,-37.236282,12.7962055
644880074,0.50584364,-0.20905758,0.44629502,0.70798177,-7.387643,4.5186687,4.9735746,13.98283,-18.456654,10.745301
644946742,0.51225513,-0.19004829,0.43729714,0.7143163,-6.9588437,4.9879146,4.566036,-6.2137065,-35.855484,12.283357
645013410,0.5189857,-0.16896081,0.42922884,0.7196312,-6.5046062,4.5046396,5.031886,-2.1951072,-37.400726,13.129378
645146746,0.50734174,-0.14955546,0.4387087,0.72647953,-6.0295153,4.9429674,5.146548,-0.16933297,2.9608073,20.86287
645213414,0.5037596,-0.14570114,0.44602576,0.72529924,-6.0311637,5.342033,5.407854,3.7027707,7.4182043,11.77957
645280082,0.50234824,-0.14424607,0.45186725,0.7229492,-6.089952,5.3888144,5.414971,1.2523798,7.819224,5.760857
645413418,0.49183396,-0.16342041,0.4737714,0.7119931,-6.184056,5.5158644,4.7744823,-2.2735827,31.260578,0.3280768
645480086,0.48818722,-0.17323595,0.4815598,0.70693916,-6.4815035,5.492323,4.7374296,-4.7598386,25.955433,-2.7224274
645546754,0.48949367,-0.17473385,0.47992826,0.7067767,-6.3476477,5.5553374,4.5563464,-11.848203,2.3498166,-0.6420292
645680090,0.5001109,-0.18805274,0.4750085,0.69920844,-6.519997,5.095678,4.582972,-12.743921,8.769785,-20.114761
645746758,0.5100409,-0.20027162,0.47055689,0.6916112,-6.613428,5.023426,4.237079,-15.804083,7.7406816,-27.079386
645880094,0.5393704,-0.21161915,0.44616315,0.68208164,-7.066462,4.263882,4.6222563,-22.521992,-6.6629267,-25.71693
645946762,0.53782386,-0.22248337,0.4420344,0.6825339,-7.343646,4.281929,4.861617,-25.342817,11.746295,-4.5924845
646013430,0.53330535,-0.2346013,0.4397819,0.6834765,-7.838128,4.0187488,5.064379,-25.822067,16.891594,-0.92882717
646146766,0.53010684,-0.24784018,0.42764068,0.68897474,-7.236227,4.1854706,4.995297,-22.977446,0.6152242,-0.6816767
646213434,0.52465695,-0.2541202,0.4252794,0.69231194,-7.4963593,3.6103392,4.965685,-22.821136,9.336069,6.799178
646280102,0.5204588,-0.2595875,0.42436895,0.6940089,-7.6860433,3.6980639,5.2038393,-18.571867,9.440488,4.998119
646413438,0.51260996,-0.27236187,0.42139366,0.6967624,-7.764058,3.5375986,5.0417256,-18.7701,9.913063,2.3331962
646480106,0.5101935,-0.27784005,0.42067295,0.6968085,-7.540236,3.4921026,4.8779354,-16.274082,8.968553,1.3222574
646546774,0.50744617,-0.28113076,0.42159212,0.69693923,-7.8081903,3.3593519,4.9155445,-12.591687,7.9605846,4.1029973
646680110,0.50495285,-0.28537318,0.4263142,0.6941479,-7.834484,3.3919435,4.950143,-4.9183316,5.8848,2.1938045
646746778,0.5060977,-0.28397924,0.4294737,0.69193476,-8.001267,3.3754146,5.0298977,-2.062727,2.5736606,1.7031131
646813446,0.50968987,-0.27773485,0.4323728,0.69002444,-8.015424,3.5045528,5.031021,2.9145675,-5.373388,2.4638755
646946782,0.52260405,-0.25219133,0.4386515,0.6861995,-7.74044,3.7855287,4.8681965,14.3431835,-20.146942,5.0019927
647013450,0.5319528,-0.23327799,0.4415345,0.68385315,-7.48169,3.9124775,4.6526585,17.378473,-24.340385,4.862815
647080118,0.543375,-0.20748255,0.44672656,0.6798016,-7.4976163,4.3009505,5.2511415,28.614231,-31.09855,7.1146274
647213454,0.5536664,-0.15678741,0.46640772,0.67181516,-7.015885,4.5198545,5.11038,29.298069,-16.812986,15.154296
647280122,0.55873466,-0.1373769,0.46705416,0.6714194,-6.728726,4.8780837,5.0038753,12.595018,-23.742123,12.160669
647413458,0.5741331,-0.09706976,0.45322147,0.67493653,-6.287972,5.207152,5.465405,1.1052287,-38.87194,9.380904
647480126,0.56855434,-0.080605015,0.45251575,0.6822599,-5.652928,5.3177586,5.4550323,1.0418899,-14.455141,29.321121
647613462,0.55865836,-0.056357935,0.45153898,0.6934246,-5.2977066,5.8708777,5.4528337,1.1023439,-8.110025,22.543596
647680130,0.5566468,-0.04553466,0.45266458,0.69510144,-5.2590327,6.0270753,5.776995,2.8937201,-7.9077063,15.45523
647746798,0.5495819,-0.044565447,0.45591038,0.69865566,-5.126845,5.957078,5.456113,-5.784158,9.726969,15.757076
647880134,0.5419556,-0.049765393,0.47021282,0.69477177,-5.088698,5.8896604,5.202793,-2.4099407,20.767498,3.9196289
647946802,0.53912187,-0.0553088,0.47892416,0.6905944,-5.2243824,5.975864,5.097156,1.0587426,19.971478,-1.6474622
648013470,0.538899,-0.060190074,0.48314494,0.6874128,-5.323225,6.062747,5.069094,-4.2458863,12.735026,-3.812396
648146806,0.5422184,-0.0732794,0.4875883,0.6803581,-5.5930705,5.9437532,4.821395,-10.764985,14.605037,-11.598684
648213474,0.54615706,-0.091212794,0.48631617,0.6759361,-5.5814385,5.875336,4.815356,-21.464642,19.329092,-21.612972
648280142,0.5537963,-0.10493448,0.48688322,0.6672657,-5.9531827,5.795539,5.0816436,-11.366036,13.592326,-26.129488
648413478,0.57755303,-0.116679884,0.4722706,0.6555755,-6.1087337,5.4690843,5.1179867,-12.20726,-10.3762045,-21.385136
648480146,0.5891244,-0.12505084,0.46735308,0.6472066,-6.805637,4.453925,5.221762,-12.4115505,-1.5114864,-26.836767
648546814,0.58641577,-0.1405146,0.4666267,0.6470179,-7.000373,5.2288094,5.330612,-24.61006,20.200565,-7.4814725
648680150,0.57471323,-0.17053273,0.48497936,0.6367252,-6.62963,4.4563274,4.9619303,-11.156671,30.453594,-9.414754
648746818,0.56823546,-0.18217655,0.49318728,0.63299847,-6.722531,5.2636595,4.9391446,-9.274942,28.731533,-2.0134993
648880154,0.56534976,-0.19170548,0.51019293,0.6191383,-8.138171,4.48638,4.337952,11.153623,19.127827,1.2766411
648946822,0.5527982,-0.18862428,0.5331403,0.6120434,-8.230749,3.6647215,4.137148,21.575888,33.72605,18.145918
649080158,0.511923,-0.18390642,0.594137,0.5925494,-8.767381,4.8539658,2.6810193,39.50419,37.16984,35.060097
649146826,0.4768389,-0.19372548,0.6272933,0.58446455,-8.364451,5.452392,1.5856426,14.872324,79.1265,29.445257
649213494,0.40869215,-0.24738385,0.6695418,0.5687584,-8.097661,6.129367,-0.1937089,-14.708973,169.1328,11.682742
649346830,0.25929174,-0.34328562,0.7530973,0.4977628,-7.2023115,5.9912486,-3.2676427,16.598127,175.99026,12.503474
649413498,0.26596197,-0.3271284,0.74666363,0.514534,-6.815731,5.9736843,-3.6614645,-22.997223,-33.395187,17.025288
649480166,0.26367092,-0.3286356,0.74633634,0.51522696,-6.6822476,6.219606,-3.4710193,-10.092532,5.615328,-1.5651305
649613502,0.30413714,-0.29177463,0.71799076,0.5539475,-7.0468774,6.305669,-1.786052,-28.724323,-77.74649,11.093588
649680170,0.32103962,-0.2771065,0.7096975,0.5625615,-6.929055,6.525817,-0.9546777,-9.596525,-41.454075,1.2491038
649746838,0.33462858,-0.27623594,0.7064267,0.5591773,-6.738119,6.085613,-0.31191584,0.6694057,-15.619782,-16.50341
649880174,0.31916028,-0.28620243,0.731252,0.53056175,-7.830167,5.971252,-1.6010921,25.178844,68.87632,1.4670426
649946842,0.32256714,-0.2863105,0.73102546,0.5287522,-8.106253,6.513902,-2.781003,-3.0131335,-1.8892007,-5.467121
650080178,0.33314732,-0.28298992,0.73236847,0.52207875,-7.4764423,5.786047,-2.4098713,-3.293553,-12.247029,-3.3912055
650146846,0.33431286,-0.2793893,0.7336984,0.5214052,-6.93622,5.4799757,-2.5924392,-2.010666,-2.2036355,2.721328
650280182,0.3475845,-0.27188128,0.72307235,0.53144366,-6.7757616,5.898635,-2.567562,-13.938421,-18.405119,-3.6796944
650346850,0.3513976,-0.27161217,0.7220063,0.53052217,-7.269012,5.894205,-1.5509207,-4.7631855,-3.7235942,-5.091407
650413518,0.35376543,-0.26900268,0.72376794,0.52787143,-7.50197,5.836456,-1.6327897,0.7597769,-1.6012616,-0.56069416
650546854,0.358907,-0.2602536,0.72499067,0.527108,-7.7597785,5.695369,-1.9151964,-2.4144585,-6.405668,1.8707489
650613522,0.36202985,-0.25846496,0.7245022,0.5265238,-7.5681143,5.636795,-1.8492012,-3.7963865,-4.306003,-1.9029347
650680190,0.36649543,-0.25618464,0.72401553,0.52521664,-7.6066666,5.7587676,-1.7470291,-1.923778,-6.166408,-2.912975
650813526,0.376181,-0.24606138,0.7239262,0.52332866,-7.919142,5.8152413,-1.4998868,-0.93875027,-7.7704935,1.046886
650880194,0.3795905,-0.24344748,0.7227325,0.52373904,-7.65007,5.6811337,-1.6124363,-4.7344637,-6.5347843,-0.5945402
650946862,0.38181835,-0.23634405,0.72289467,0.52514756,-7.695546,5.764797,-1.6407498,-2.2578278,-8.677747,7.311307
651080198,0.38242933,-0.22991294,0.7225754,0.5279897,-7.4389095,5.8876634,-1.4758482,-6.8848376,-5.6354203,5.20462
651146866,0.38447374,-0.22572786,0.7208744,0.53062904,-7.581632,5.945889,-1.4255292,-7.3101406,-7.608995,4.012737
651280202,0.38474113,-0.22067232,0.72315484,0.5294577,-7.4796586,5.8434367,-1.2353526,-0.44950074,-4.3674235,4.7173276
651346870,0.38542005,-0.21767858,0.72420853,0.52876264,-7.5627065,5.819017,-1.2933625,-1.7735081,-1.8415161,2.708633
651413538,0.38497195,-0.21549392,0.72621804,0.5272257,-7.56117,5.781369,-1.4770691,-0.7328053,1.195747,2.5510726
651546874,0.38634366,-0.21167323,0.72773075,0.52568185,-7.4644084,5.9704165,-1.5147549,-3.391263,-2.9519787,0.92580247
651613542,0.38636446,-0.2106316,0.72776234,0.5260411,-7.4776263,5.99579,-1.4641106,-5.2772393,-0.4923986,1.27202
651680210,0.38750374,-0.20941566,0.7276626,0.52582645,-7.4973664,5.968645,-1.4081701,-4.1047916,-1.9663852,0.06556059
651813546,0.38926533,-0.20775324,0.727101,0.5259616,-7.505911,5.920473,-1.401889,-4.773855,-2.0406244,-0.09267969
651880214,0.38877332,-0.2075274,0.72867036,0.52424,-7.4743547,5.888234,-1.5550131,-1.8019377,2.508271,-0.05874276
651946882,0.3893972,-0.20592156,0.72879803,0.524233,-7.517345,5.8150215,-1.4867883,-3.8891673,-1.7372087,1.2999946
652080218,0.39094245,-0.2041041,0.7288054,0.5237828,-7.5307784,5.89127,-1.4554187,-3.9050078,-0.9270268,0.25075975
652146886,0.3910763,-0.20379685,0.7290942,0.5234006,-7.5030193,5.9009423,-1.4507424,-4.0202017,0.07351971,-0.009457499
652213554,0.39164692,-0.20307526,0.7290242,0.5233519,-7.462086,5.899298,-1.4860828,-4.213293,-1.288874,0.23996085
652346890,0.3922138,-0.20446771,0.72819734,0.52353626,-7.469484,5.924689,-1.3889042,-6.345472,-0.59112966,-1.3299649
652413558,0.3925124,-0.20368272,0.727264,0.52491426,-7.532678,5.9775286,-1.4137187,-5.56036,-2.9826858,1.428374
652480226,0.3894649,-0.20377019,0.7299513,0.5234177,-7.40403,5.8766747,-1.5053517,-1.7632726,6.3562803,2.4836237
652613562,0.39022234,-0.19804524,0.7307943,0.52387494,-7.493513,5.7904444,-1.6004914,-2.9260545,7.711037,2.0994446
652746898,0.38960817,-0.19544485,0.7293151,0.5273583,-7.491316,5.862028,-1.5041571,-7.1416497,-0.49574175,1.7983773
652813566,0.38875607,-0.19520795,0.728958,0.5285671,-7.484207,6.0180397,-1.4334569,-6.723685,0.22001211,1.7279831
652946902,0.38968077,-0.19387597,0.72655696,0.53167343,-7.4122043,5.960037,-1.3265136,-6.994201,-1.2166034,0.2677031
653013570,0.39108843,-0.19162045,0.7260551,0.5321427,-7.415701,5.9246836,-1.3778515,-3.600567,-4.4607134,1.7041461
653080238,0.39034295,-0.19109449,0.72724366,0.53125566,-7.4780474,5.8930826,-1.3565917,-1.7071507,1.001881,1.2272663
653213574,0.39092988,-0.18769996,0.7281206,0.53083277,-7.5252767,6.003288,-1.3033359,-2.051407,-4.167369,2.2403703
653346910,0.39093155,-0.1862755,0.7269468,0.5329377,-7.454836,6.057244,-1.2294762,-7.798017,-4.3333526,1.4513487
653413578,0.39200038,-0.18492466,0.72581965,0.5341581,-7.3516088,6.0042386,-1.3819159,-6.130645,-3.6528006,1.1944436
653480246,0.39215833,-0.18401225,0.72561777,0.53463113,-7.3960643,6.037862,-1.2550122,-4.5669875,-1.5323876,1.3133556
653613582,0.3917981,-0.18393521,0.7264484,0.5337933,-7.41201,6.0165534,-1.2693328,-3.496565,1.2648121,-0.7683111
653680250,0.39166445,-0.18469286,0.72705704,0.5328002,-7.3683114,5.976511,-1.3152758,-2.613025,0.9224563,-1.1701552
653746918,0.39231017,-0.18448903,0.72736883,0.5319696,-7.4536304,5.9904737,-1.3143815,-1.7999041,-1.480773,-0.6199844
653880254,0.39293632,-0.18369475,0.72907776,0.5294369,-7.5295916,5.98527,-1.3853583,-3.7236347,1.5860213,-0.6840196
653946922,0.3942066,-0.18140577,0.72896016,0.52944374,-7.5442686,6.02565,-1.3053795,-3.939214,-2.99873,1.6318372
654013590,0.39466718,-0.17979331,0.72888803,0.5297499,-7.4779725,5.9873986,-1.3945904,-4.4438767,-1.8316787,1.8072075
654146926,0.3932778,-0.18024541,0.7272021,0.53293675,-7.3891635,5.987227,-1.3550496,-7.1846657,-0.93224764,1.1045783
654213594,0.39238137,-0.1814503,0.72617865,0.53458184,-7.346811,5.967815,-1.2738701,-6.6201015,-0.6520241,0.3823521
654280262,0.39252064,-0.18051153,0.7256296,0.53554213,-7.4139194,5.9257545,-1.28558,-4.414609,-2.7395163,1.7227881
654413598,0.39271954,-0.17858122,0.72727,0.5338154,-7.5003448,5.9453797,-1.2139413,-2.070733,-0.36741745,0.7197603
654480266,0.39256752,-0.17847444,0.727363,0.5338362,-7.4848795,6.0201216,-1.3180977,-4.4688983,-0.0029774792,0.43251407
654546934,0.38998392,-0.18032162,0.72796273,0.5342915,-7.398209,6.0608015,-1.3949852,-5.0930657,3.8834984,0.79810166
654680270,0.39057526,-0.17703815,0.7294438,0.532936,-7.4007215,6.0266523,-1.4273131,-1.3836755,2.217073,1.3275628
654813606,0.39122224,-0.17353548,0.72955245,0.5334645,-7.4470563,5.9960785,-1.3765302,-3.9074292,-0.08065448,1.7275127
654880274,0.39085266,-0.1735976,0.7288623,0.5346571,-7.4276457,6.053371,-1.3490565,-6.606383,-0.6327152,1.009948
654946942,0.39036033,-0.17366645,0.728263,0.53580976,-7.324491,6.086062,-1.4271364,-5.9879704,-0.8080408,1.160221
655080278,0.39039588,-0.17356595,0.72779554,0.5364513,-7.339392,6.0672803,-1.338498,-4.4842734,-0.5239403,0.45608103
655146946,0.39114577,-0.17268337,0.7275411,0.53653497,-7.4113474,6.0750837,-1.2604437,-4.6223683,-1.6868515,0.50466853
655213614,0.39024094,-0.17363726,0.7276226,0.53677535,-7.422961,6.011021,-1.3227183,-5.238312,1.4807543,0.015244383
655346950,0.38951147,-0.17411487,0.7272562,0.5376463,-7.4735827,5.9851646,-1.3904716,-4.0377564,-1.3410952,0.36442587
655413618,0.39023143,-0.17343391,0.7271172,0.53753275,-7.454996,5.9800243,-1.2093545,-4.8709655,-0.97971916,0.17393127
655480286,0.38946757,-0.17406863,0.7273413,0.53757817,-7.510801,6.047946,-1.3446827,-3.6486115,0.41612184,0.2779476
655613622,0.39083079,-0.17285416,0.72650415,0.5381124,-7.4997425,5.990603,-1.2775891,-4.0177093,-3.047368,0.45623162
655680290,0.3912745,-0.17241561,0.7266256,0.5377666,-7.436344,5.9835334,-1.3156829,-3.6872358,-0.86737156,0.123057894
655746958,0.39163825,-0.17230687,0.72700584,0.5370222,-7.364822,5.9761324,-1.3626162,-3.3879445,-0.023752593,-0.41496125
655880294,0.39126742,-0.1724671,0.7282257,0.53558636,-7.3888073,6.013071,-1.3835505,-3.26026,2.7153604,-0.15270948
655946962,0.39150476,-0.17181383,0.7290254,0.53453386,-7.442092,5.9955893,-1.3747731,-2.8122563,0.4038788,0.27606815
656013630,0.393077,-0.16969508,0.7293873,0.53356236,-7.5488753,6.04875,-1.2795575,-0.77581245,-3.8350787,0.8784378
656146966,0.39086533,-0.17230293,0.72856647,0.5354694,-7.457239,5.9592924,-1.3730744,-8.366671,1.0499793,0.38800353
656213634,0.3923444,-0.17066042,0.7274116,0.53648263,-7.463515,5.966418,-1.3018514,-5.142993,-4.7838864,1.2567436
656346970,0.392714,-0.16843964,0.7277673,0.53643167,-7.520831,5.9174643,-1.2994767,-3.8885312,-2.1410165,1.8187009
656413638,0.39130113,-0.16993876,0.7273014,0.5376221,-7.4538236,5.9613886,-1.2945297,-6.9653015,1.5763783,0.36823648
656480306,0.38976705,-0.1709951,0.7270765,0.5387045,-7.4228997,6.040082,-1.367503,-6.344937,1.5104406,1.0369501
656613642,0.38852602,-0.17027763,0.7264037,0.54073197,-7.414619,5.9952955,-1.3559061,-5.29888,0.6975166,1.8028859
656680310,0.3879253,-0.16982056,0.7264956,0.54118365,-7.4336195,6.0178275,-1.2646933,-5.1430063,0.24759996,1.6834022
656746978,0.3869435,-0.17002062,0.7266868,0.54156685,-7.3765693,5.9439063,-1.4161072,-5.1974235,1.1720759,1.2261891
656880314,0.3862444,-0.16946469,0.72595334,0.54322135,-7.489375,6.0759864,-1.3083073,-6.901387,-2.9187083,1.8132268
656946982,0.385206,-0.16985387,0.72676986,0.5427448,-7.3468604,5.983436,-1.2563032,-4.1784167,2.4756963,0.6403102
657013650,0.3855848,-0.16756831,0.72675604,0.54320467,-7.478668,6.0604625,-1.3502066,-3.097983,-3.2854934,3.0818644
657146986,0.38300642,-0.16931356,0.7261662,0.5452725,-7.323406,6.1290708,-1.3231676,-9.350758,-3.667923,1.3738203
657213654,0.38250202,-0.16972288,0.7257497,0.54605335,-7.3559127,6.129251,-1.331732,-6.1050844,0.123394236,0.6404389
657280322,0.3824276,-0.16979477,0.72557956,0.5463088,-7.3187513,6.139805,-1.3007241,-5.3700566,-0.016728321,0.3576643
657413658,0.38335818,-0.16850755,0.7245043,0.5474811,-7.3572035,6.0424027,-1.312648,-5.0378566,1.3993953,0.6845277
657480326,0.3827938,-0.16863224,0.7247746,0.5474799,-7.376704,6.0416126,-1.1763471,-4.4629188,0.72213,0.73263127
657546994,0.38270953,-0.16812716,0.7250098,0.5473826,-7.395922,6.0735707,-1.3495106,-3.893041,-0.4068293,1.0045166
657680330,0.38024855,-0.16739765,0.72518915,0.5490812,-7.375052,6.1307487,-1.3363096,-5.794922,-0.5001531,2.7184823
657746998,0.37865815,-0.16762841,0.725892,0.5491811,-7.3587785,6.200491,-1.3368579,-4.617513,2.411182,1.7760308
657880334,0.3782636,-0.16509686,0.72677445,0.5490527,-7.3282747,6.1042814,-1.2400897,-3.3754456,-2.5178347,3.0636854
657947002,0.3766073,-0.1660228,0.72738767,0.5491001,-7.289229,6.1616907,-1.4303169,-5.472499,3.4132636,0.9113484
658013670,0.37857097,-0.16453661,0.7260425,0.5499767,-7.292835,6.1738834,-1.2165846,-5.5270457,-5.0902543,0.49081603
658147006,0.38151395,-0.16177626,0.7259793,0.5488442,-7.3345914,6.1302915,-1.1784484,-2.659215,-1.8597329,-0.16156824
658213674,0.38285866,-0.16148323,0.72543496,0.54871404,-7.3057947,6.140337,-1.2052791,-4.5810432,-2.2965662,-0.82203764
658280342,0.38248885,-0.16146146,0.7259443,0.5483046,-7.230137,6.0526776,-1.383427,-3.8309815,0.8160197,0.5784681
658413678,0.38480687,-0.1606332,0.7259985,0.54685205,-7.315112,6.1093454,-1.3464935,-2.1899512,-2.3712347,0.059096538
658480346,0.38415048,-0.1622108,0.72740805,0.5449715,-7.3603163,6.140055,-1.3109328,-2.902048,4.170678,-1.8882862
658547014,0.38533127,-0.16189593,0.7269002,0.54490924,-7.4158144,6.101731,-1.3497146,-4.5859666,-2.1850703,-0.56085163
658680350,0.38475755,-0.16564319,0.7258872,0.5455385,-7.3562536,6.057608,-1.3067658,-6.1643133,-2.2934756,-0.8693355
658747018,0.38561735,-0.16456161,0.7259199,0.54521495,-7.483145,6.020884,-1.3497314,-3.7279224,-1.7596933,0.68118477
658813686,0.38433048,-0.16560617,0.7271387,0.5441827,-7.4609604,5.935466,-1.3446503,-3.4363165,3.6440344,-0.09144387
658947022,0.38427225,-0.16427843,0.7270193,0.5447852,-7.4524293,5.995,-1.385657,-5.3092628,0.6700214,1.1878886
659013690,0.38296217,-0.16460478,0.7268926,0.5457773,-7.3926854,6.0588975,-1.3255085,-6.8561788,1.6183864,1.7945031
659080358,0.38305792,-0.16436061,0.7263497,0.5465059,-7.3696585,6.109459,-1.4068176,-6.7390633,-0.3922018,0.8881241
659213694,0.3834242,-0.16280851,0.7258441,0.5473848,-7.352721,6.0605984,-1.3149129,-4.52698,-0.83818626,1.0826038
659280362,0.3834853,-0.16187313,0.7259135,0.5475274,-7.2802777,5.986808,-1.2561377,-4.9480705,-0.46038255,1.5855743
659347030,0.3791536,-0.16457582,0.7281054,0.5468273,-7.472964,6.1023993,-1.4677546,-5.5627427,10.110202,1.2053092
659480366,0.372439,-0.17944717,0.7162056,0.5622616,-7.4387813,6.4283967,-1.4825462,-31.924305,7.5165567,-2.158376
659547034,0.3779756,-0.18618536,0.7007975,0.5756325,-7.1260476,6.317346,-1.1793718,-39.134186,-14.085177,-9.430321
659613702,0.37299734,-0.20240292,0.6951221,0.5802685,-6.8914285,6.030853,-0.91696644,-28.551346,17.085533,-12.994805
659747038,0.35243878,-0.26320368,0.6938384,0.5701749,-7.1437774,5.566253,-1.9232405,-19.81157,53.387177,-33.232124
659813706,0.34350142,-0.2981874,0.69233626,0.5601445,-7.670777,5.6115036,-1.8868809,-19.919313,48.577126,-39.398056
659947042,0.35430995,-0.34163994,0.6667531,0.5596313,-10.403964,5.457331,-1.3834199,-39.24239,-16.137203,-37.913246
660013710,0.37432483,-0.3466607,0.63924074,0.57539475,-10.054853,4.883386,-1.1661139,-41.117195,-44.237312,-31.213736
660080378,0.39801633,-0.32620093,0.6137523,0.5987357,-10.103104,3.8248446,-1.2362978,-28.894854,-76.71796,-0.6551394
660213714,0.45130605,-0.25970018,0.5571728,0.64686745,-8.683569,3.849021,1.3313267,-14.89848,-68.70685,14.054701
660280382,0.46785975,-0.22999331,0.54040325,0.66043556,-8.311453,3.9712546,2.6474366,-6.5285215,-68.0196,13.948986
660347050,0.48490146,-0.20322832,0.523629,0.67035955,-7.910637,4.2173786,3.2691553,-5.2820563,-63.671257,7.8361573
660480386,0.51177007,-0.16976735,0.49183542,0.6836439,-6.729446,4.389278,3.8590713,-8.476401,-42.617226,1.2492276
660547054,0.51866466,-0.15431535,0.4816564,0.6893343,-6.5743484,4.048072,4.3381186,-6.3058887,-34.63233,8.134572
660613722,0.5216536,-0.15229784,0.47678566,0.6909121,-5.831102,3.955679,4.5284643,-9.588786,-9.66275,-0.60752034
660747058,0.5140961,-0.16453175,0.4905403,0.68410933,-6.072202,4.2044587,4.9180646,6.0430717,24.759384,0.30530336
660813726,0.49976295,-0.18091692,0.5110798,0.675503,-6.0913324,4.129745,4.3812933,7.8151207,51.890892,2.2464566
660880394,0.4647247,-0.20035641,0.540619,0.67202723,-6.5744205,4.176621,3.5525596,4.684386,79.813255,30.731056
661013730,0.35477558,-0.24271089,0.6128828,0.6630244,-8.448625,5.5617347,1.0029764,3.579726,119.43201,52.246426
661080398,0.29688227,-0.25930652,0.6420171,0.6575986,-8.611462,6.3757305,-0.1601415,-0.614888,100.21436,58.012814
661147066,0.2585926,-0.2642761,0.66789556,0.6459138,-8.055379,7.2982254,-0.49120086,17.25683,66.60104,43.918064
661280402,0.24301285,-0.2581155,0.7246132,0.59098035,-6.6928854,7.101179,-2.9986937,44.555058,6.46416,8.501735
661347070,0.25933728,-0.24236335,0.73093164,0.5828759,-6.713981,6.9532914,-2.0604742,24.983402,-29.666138,2.696525
661480406,0.27021667,-0.22721243,0.7461115,0.5645142,-6.6556454,6.9684033,-2.6456296,9.5526495,-16.48839,5.1087236
661547074,0.27756596,-0.21595871,0.746643,0.56466293,-6.9089885,7.0437784,-2.5139399,3.0435736,-19.689613,7.836548
661613742,0.28442076,-0.20692983,0.7446428,0.567268,-6.6069074,6.779578,-2.4770856,-3.815663,-18.989454,5.7222695
661747078,0.30360255,-0.18885432,0.73203677,0.5798988,-6.6690392,6.6694274,-2.0425713,-13.247312,-29.9759,3.4629896
661813746,0.31151965,-0.17932326,0.7275269,0.58438385,-6.6520286,6.625197,-1.5580206,-7.9989142,-22.745754,5.3731294
661880414,0.3183976,-0.17159395,0.72462285,0.5866014,-6.592183,6.721003,-1.4694092,-4.837649,-18.062716,3.4754946
662013750,0.33188656,-0.15646021,0.7211685,0.5876125,-6.714921,6.855538,-1.2012743,-0.6173977,-16.655197,2.9892347
662080418,0.33744606,-0.15160312,0.72001237,0.5871371,-6.624967,6.8880353,-1.1672672,-1.7303371,-11.758811,0.3163273
662147086,0.34366888,-0.14654028,0.7178795,0.5874248,-6.816552,7.0310097,-1.0171909,-3.3708985,-13.549882,0.10196367
662280422,0.35761672,-0.13003913,0.7137225,0.58804876,-6.7176995,6.849798,-0.70536005,-2.1385896,-17.127857,4.0779266
662347090,0.3629847,-0.12320076,0.7124516,0.58777326,-6.825869,6.8492575,-0.8243224,-0.9624686,-13.617056,3.0861259
662413758,0.36913624,-0.116686195,0.71025425,0.5879309,-6.6847897,6.802579,-0.67733514,-2.472071,-14.903795,1.9790213
662547094,0.37604654,-0.10948588,0.7072684,0.5885356,-6.6038423,6.8288593,-0.6395939,-4.864477,-10.267833,1.710408
662613762,0.3780362,-0.106764086,0.70769966,0.5872411,-6.510488,6.877169,-0.677223,-1.301402,-4.0099797,1.1723473
662680430,0.37952995,-0.104078114,0.7085036,0.5857886,-6.5591135,6.9099417,-0.5732485,-0.8523303,-3.09158,1.5928341
662813766,0.38220322,-0.098710135,0.7086555,0.5847952,-6.7033043,7.081692,-0.48642752,-4.455383,-5.6923685,2.9024205
662880434,0.38133204,-0.099454165,0.70915765,0.58462936,-6.73276,7.042767,-0.5104553,-5.385913,2.8260517,0.58550584
662947102,0.38225263,-0.098402955,0.7081072,0.58547866,-6.602395,6.9090695,-0.5042938,-6.7066855,-2.347843,1.366837
663080438,0.38362175,-0.09468371,0.70693946,0.5866062,-6.6658792,6.846696,-0.4438199,-5.252615,-1.9497802,2.4880688
663147106,0.38367176,-0.09356447,0.70673096,0.5870045,-6.7583776,6.947028,-0.4607103,-5.4310074,-0.7002237,2.204353
663213774,0.383394,-0.09428176,0.70735604,0.5863178,-6.6707377,6.8925524,-0.48108217,-4.5472527,2.28638,-0.27492067
663347110,0.3854069,-0.09209367,0.7066418,0.5862071,-6.6677957,6.9661927,-0.47888267,-4.9103107,-1.5354002,0.2109961
663413778,0.38597256,-0.09131057,0.70669377,0.58589464,-6.6440053,6.941303,-0.4121492,-4.4803653,-0.6709543,0.85917115
663547114,0.387431,-0.09057725,0.7062169,0.5856206,-6.547446,6.897891,-0.47856933,-4.8342566,-0.92777985,0.542156
663613782,0.38895205,-0.08912153,0.70550746,0.5856911,-6.635887,7.036075,-0.3712378,-5.1293607,-3.066445,0.8532681
663680450,0.38963246,-0.08806163,0.70551336,0.5853919,-6.698795,7.000141,-0.4186468,-4.358284,-1.1081795,1.0991077
663813786,0.3915034,-0.08570705,0.70381546,0.5865357,-6.641035,7.017069,-0.3228893,-7.4631863,-4.7484207,1.8250394
663880454,0.39325973,-0.08392742,0.7024602,0.58724254,-6.640126,7.0192676,-0.30940282,-6.3154593,-4.1888456,1.3789874
663947122,0.39336294,-0.0834132,0.7024949,0.5872051,-6.589136,6.975378,-0.32784045,-5.1100874,0.13424118,1.212592
664080458,0.3962689,-0.08103566,0.701665,0.5865761,-6.5795546,6.983744,-0.33507442,-4.1068244,-1.0016657,0.24808969
664147126,0.397356,-0.07978225,0.70190984,0.58571887,-6.6487536,6.9918756,-0.29147676,-3.281249,-1.5310165,0.597636
664213794,0.39802346,-0.079444505,0.7021394,0.58503616,-6.6333776,7.0355906,-0.2927801,-4.1953096,-0.1362757,0.028015515
664347130,0.3985018,-0.07788276,0.70256966,0.58440363,-6.667417,7.0250897,-0.30033535,-4.4922814,-0.9207937,1.6869521
664413798,0.39851853,-0.07631041,0.7029127,0.58418715,-6.6824727,7.00668,-0.27466387,-3.9000309,-0.56289726,2.512639
664480466,0.3985319,-0.07402388,0.70291364,0.5844706,-6.703297,6.968862,-0.26035595,-4.363718,-1.5659187,3.6825294
664613802,0.39617842,-0.07149495,0.7031962,0.5860435,-6.6733785,7.0079155,-0.32589665,-5.813598,-1.0802675,5.273807
664680470,0.39503768,-0.06847957,0.70139766,0.58931994,-6.6609817,7.1347427,-0.22027728,-9.456661,-2.4729624,7.5446296
664747138,0.39106882,-0.06713795,0.7039757,0.5890473,-6.6568775,7.1395497,-0.41899297,-2.215368,6.0425715,6.515522
